Symbol,Price,Price/Earnings,Dividend Yield,Earnings/Share,52 Week Low,52 Week High,Market Cap,EBITDA,Price/Sales,Price/Book,SEC Filings
MMM,222.89,24.31,2.3328617,7.92,259.77,175.49,1.38721E+11,9048000000,4.3902707,11.34,http://www.sec.gov/cgi-bin/browse-edgar?action=getcompany&CIK=MMM
AOS,60.24,27.76,1.1479592,1.7,68.39,48.925,10783419933,601000000,3.5754826,6.35,http://www.sec.gov/cgi-bin/browse-edgar?action=getcompany&CIK=AOS
ABT,56.27,22.51,1.9089824,0.26,64.6,42.28,1.02121E+11,5744000000,3.7404804,3.19,http://www.sec.gov/cgi-bin/browse-edgar?action=getcompany&CIK=ABT
ABBV,108.48,19.41,2.4995599,3.29,125.86,60.05,1.81386E+11,10310000000,6.291571,26.14,http://www.sec.gov/cgi-bin/browse-edgar?action=getcompany&CIK=ABBV
ACN,150.51,25.47,1.7144699,5.44,162.6,114.82,98765855553,5643228000,2.604117,10.62,http://www.sec.gov/cgi-bin/browse-edgar?action=getcompany&CIK=ACN
ATVI,65.83,31.8,0.43190324,1.28,74.945,38.93,52518668144,2704000000,10.59512,5.16,http://www.sec.gov/cgi-bin/browse-edgar?action=getcompany&CIK=ATVI
AYI,145.41,18.22,0.35118526,7.43,225.36,142,6242377704,587800000,1.7953473,3.55,http://www.sec.gov/cgi-bin/browse-edgar?action=getcompany&CIK=AYI
ADBE,185.16,52.31,0,3.39,204.45,114.451,94550214268,2538040000,13.092818,11.06,http://www.sec.gov/cgi-bin/browse-edgar?action=getcompany&CIK=ADBE
AAP,109.63,19.54,0.21832074,6.19,169.55,78.81,8123611867,853941000,1.1301061,2.51,http://www.sec.gov/cgi-bin/browse-edgar?action=getcompany&CIK=AAP
AMD,11.22,187,0,0.03,15.65,9.7,11191663795,339000000,2.1091955,21.47,http://www.sec.gov/cgi-bin/browse-edgar?action=getcompany&CIK=AMD
AES,10.06,9.96,4.961832,-1.72,12.05,10,6920851212,3001000000,0.65951383,2.2,http://www.sec.gov/cgi-bin/browse-edgar?action=getcompany&CIK=AES
AET,178,18.11,1.101989,5.75,194.4,119.51,59197016353,4139000000,0.9923546,3.79,http://www.sec.gov/cgi-bin/browse-edgar?action=getcompany&CIK=AET
AMG,179.11,12.24,0.6387395,12.07,216.995,148.81,10442174371,1261400000,4.591235,2.89,http://www.sec.gov/cgi-bin/browse-edgar?action=getcompany&CIK=AMG
AFL,83.25,12.24,2.4299066,11.01,91.73,68.8,33422948000,0,1.5429344,1.53,http://www.sec.gov/cgi-bin/browse-edgar?action=getcompany&CIK=AFL
A,65.05,27.45,0.8756979,2.1,75,49.23,21984606918,1094000000,6.493563,4.56,http://www.sec.gov/cgi-bin/browse-edgar?action=getcompany&CIK=A
APD,152.8,24.22,2.7811136,13.66,175.17,133.6301,34638387128,2542500000,4.1163683,3.35,http://www.sec.gov/cgi-bin/browse-edgar?action=getcompany&CIK=APD
AKAM,62.49,32.55,0,1.79,69.56,44.65,10906904066,789517000,5.8546524,3.25,http://www.sec.gov/cgi-bin/browse-edgar?action=getcompany&CIK=AKAM
ALK,64.04,9.66,1.9928383,8.28,101.43,59.25,7903173734,1665000000,0.9801092,2.21,http://www.sec.gov/cgi-bin/browse-edgar?action=getcompany&CIK=ALK
ALB,105.18,26.03,1.2004126,5.66,144.99,90.35,11782151266,686030000,5.3666205,2.98,http://www.sec.gov/cgi-bin/browse-edgar?action=getcompany&CIK=ALB
ARE,114.58,19.03,3.0262272,1.57,134.37,106.89,12043374429,0,10.492155,2.07,http://www.sec.gov/cgi-bin/browse-edgar?action=getcompany&CIK=ARE
ALXN,108.47,22.18,0,1.77,149.34,96.18,26172439795,1072000000,9.720562,2.82,http://www.sec.gov/cgi-bin/browse-edgar?action=getcompany&CIK=ALXN
ALGN,220.71,56.59,0,2.84,287.32,92.61,18788041378,380326000,13.138819,16.44,http://www.sec.gov/cgi-bin/browse-edgar?action=getcompany&CIK=ALGN
ALLE,77.32,21.07,0.8004002,2.37,89.81,66.72,7599609494,531800000,4.265232,20.48,http://www.sec.gov/cgi-bin/browse-edgar?action=getcompany&CIK=ALLE
AGN,164.2,10.65,1.643289,38.35,256.8,160.07,56668833898,-2888100000,4.820115,0.83,http://www.sec.gov/cgi-bin/browse-edgar?action=getcompany&CIK=AGN
ADS,240.6,13.02,0.9240122,14.13,278.33,209,13632608582,2143200000,1.7282298,8.28,http://www.sec.gov/cgi-bin/browse-edgar?action=getcompany&CIK=ADS
LNT,37.14,19.86,3.5733333,1.65,45.55,36.84,8670163500,1168400000,3.4331481,2.13,http://www.sec.gov/cgi-bin/browse-edgar?action=getcompany&CIK=LNT
ALL,90.06,13.26,1.5278208,4.68,105.36,77.73,34759468905,0,1.2085556,1.67,http://www.sec.gov/cgi-bin/browse-edgar?action=getcompany&CIK=ALL
GOOGL,1007.71,31.48,0,22.27,1198,824.3,7.33824E+11,34217000000,6.801692,4.7,http://www.sec.gov/cgi-bin/browse-edgar?action=getcompany&CIK=GOOGL
GOOG,1001.52,40.29,0,22.27,1186.89,803.1903,7.28536E+11,32714000000,6.772653,4.67,http://www.sec.gov/cgi-bin/browse-edgar?action=getcompany&CIK=GOOG
MO,64.05,18.89,3.9526875,5.31,77.79,60.01,1.26985E+11,10773000000,4.945682,10.32,http://www.sec.gov/cgi-bin/browse-edgar?action=getcompany&CIK=MO
AMZN,1350.5,296.16,0,6.16,1498,812.5,6.85873E+11,16132000000,3.927053,24.28,http://www.sec.gov/cgi-bin/browse-edgar?action=getcompany&CIK=AMZN
AEE,52.59,20.38,3.4404964,2.68,64.89,51.81,12905744906,2298000000,2.693119,1.79,http://www.sec.gov/cgi-bin/browse-edgar?action=getcompany&CIK=AEE
AAL,48.6,9.92,0.7782101,3.91,59.08,39.21,24594852352,5761000000,0.58022565,6.03,http://www.sec.gov/cgi-bin/browse-edgar?action=getcompany&CIK=AAL
AEP,63.38,17.32,3.8479443,1.24,78.07,62.69,31701916517,4450800000,2.7489934,1.81,http://www.sec.gov/cgi-bin/browse-edgar?action=getcompany&CIK=AEP
AXP,88.34,15,1.4955667,2.9,102.385,75.51,80410990000,0,2.273575,3.75,http://www.sec.gov/cgi-bin/browse-edgar?action=getcompany&CIK=AXP
AIG,58.28,23.22,2.1167521,-0.76,67.3,57.85,54360073164,0,1.4686536,0.75,http://www.sec.gov/cgi-bin/browse-edgar?action=getcompany&CIK=AIG
AMT,133.57,20.68,2,1.97,155.28,103.36,59213892640,3792383000,11.954137,9.22,http://www.sec.gov/cgi-bin/browse-edgar?action=getcompany&CIK=AMT
AWK,76.06,26.23,2.129297,2.63,92.37,71.89,13906146184,1711000000,5.553833,2.55,http://www.sec.gov/cgi-bin/browse-edgar?action=getcompany&CIK=AWK
AMP,152.5,12.41,2.0735743,9.44,183.9,118.84,23472126000,0,1.9493247,3.73,http://www.sec.gov/cgi-bin/browse-edgar?action=getcompany&CIK=AMP
ABC,91.55,15.54,1.6132456,1.64,106.27,71.9,20587704101,991884000,0.17396984,9.73,http://www.sec.gov/cgi-bin/browse-edgar?action=getcompany&CIK=ABC
AME,72.05,27.61,0.75512403,2.94,78.51,51.31,17139651923,1025763000,4.015368,4.54,http://www.sec.gov/cgi-bin/browse-edgar?action=getcompany&CIK=AME
AMGN,173.12,13.76,2.9751508,2.57,201.23,152.16,1.28133E+11,11945000000,5.58192,3.91,http://www.sec.gov/cgi-bin/browse-edgar?action=getcompany&CIK=AMGN
APH,84.44,25.9,0.8608971,2.05,93.62,67.26,26955335395,1671700000,3.85675,6.64,http://www.sec.gov/cgi-bin/browse-edgar?action=getcompany&CIK=APH
APC,56.2,-21.29,1.7029973,-5.9,70,39.96,32129091747,3115000000,3.9682212,2.88,http://www.sec.gov/cgi-bin/browse-edgar?action=getcompany&CIK=APC
ADI,82.68,17.67,2.108963,2.11,98.38,74.65,31811578855,1663384000,8.00391,3.13,http://www.sec.gov/cgi-bin/browse-edgar?action=getcompany&CIK=ADI
ANDV,96.9,18.78,2.3454583,6.13,121.71,75.11,15696449735,2548000000,0.6618165,1.7,http://www.sec.gov/cgi-bin/browse-edgar?action=getcompany&CIK=ANDV
ANSS,148.84,42.53,0,2.99,164.9,94.52,13155919129,458515000,16.8134,5.79,http://www.sec.gov/cgi-bin/browse-edgar?action=getcompany&CIK=ANSS
ANTM,230.57,19.23,1.2581781,14.36,267.95,156.81,61221978627,0,0.6696521,2.28,http://www.sec.gov/cgi-bin/browse-edgar?action=getcompany&CIK=ANTM
AON,136.05,20.8,1.0245464,4.66,152.78,113.2201,35123123422,1858000000,3.4972682,6.78,http://www.sec.gov/cgi-bin/browse-edgar?action=getcompany&CIK=AON
APA,37.73,-251.53,2.528445,-3.72,57.9,38.14,15066280977,3265000000,3.651366,2.22,http://www.sec.gov/cgi-bin/browse-edgar?action=getcompany&CIK=APA
AIV,38.21,15.6,3.876562,1.95,46.855,38.85,6156884142,874871000,6.187621,4.69,http://www.sec.gov/cgi-bin/browse-edgar?action=getcompany&CIK=AIV
AAPL,155.15,16.86,1.5795412,9.2,180.1,131.12,8.09508E+11,79386000000,3.4586093,5.66,http://www.sec.gov/cgi-bin/browse-edgar?action=getcompany&CIK=AAPL
AMAT,45.75,14.08,0.8215239,3.17,60.89,34.58,51296481503,4336000000,4.7020154,5.44,http://www.sec.gov/cgi-bin/browse-edgar?action=getcompany&CIK=AMAT
APTV,89.27,69.74,0.9392678,5.05,96.91,82.97,24906530300,2370000000,1.5025798,7.56,http://www.sec.gov/cgi-bin/browse-edgar?action=getcompany&CIK=APTV
ADM,41.35,17.45,3.1761081,2.17,47.44,38.59,23594770663,2927000000,0.52478915,1.29,http://www.sec.gov/cgi-bin/browse-edgar?action=getcompany&CIK=ADM
ARNC,24.45,20.21,0.9561753,-0.21,31.17,21.755,12123300000,1517000000,0.94214815,,http://www.sec.gov/cgi-bin/browse-edgar?action=getcompany&CIK=ARNC
AJG,64.4,21.05,2.4807138,2.54,70.55,53.63,11968488290,888000000,1.9400215,2.92,http://www.sec.gov/cgi-bin/browse-edgar?action=getcompany&CIK=AJG
AIZ,85.16,33.27,2.5313594,9.08,106.985,85.91,4653993594,0,0.9821866,1.12,http://www.sec.gov/cgi-bin/browse-edgar?action=getcompany&CIK=AIZ
T,35.57,12.14,5.4156513,4.76,42.7,32.55,2.26713E+11,49653000000,1.4083152,1.8,http://www.sec.gov/cgi-bin/browse-edgar?action=getcompany&CIK=T
ADSK,104.81,-77.07,0,-2.61,131.1,81.75,24348294504,-378100000,16.50682,224.13,http://www.sec.gov/cgi-bin/browse-edgar?action=getcompany&CIK=ADSK
ADP,108.25,29.34,2.2190912,3.85,125.24,95.5,50337702249,2767400000,4.0483294,12.86,http://www.sec.gov/cgi-bin/browse-edgar?action=getcompany&CIK=ADP
AZO,718.57,16.31,0,44.09,797.89,491.13,19922021415,2347304000,1.8510429,136.23,http://www.sec.gov/cgi-bin/browse-edgar?action=getcompany&CIK=AZO
AVB,154.94,17.97,3.7149355,6.36,199.52,156.01,21856547430,1331579000,10.251216,2.12,http://www.sec.gov/cgi-bin/browse-edgar?action=getcompany&CIK=AVB
AVY,110.77,22.11,1.5682175,3.11,123.67,78.471,10104814319,831200000,1.5206499,8.83,http://www.sec.gov/cgi-bin/browse-edgar?action=getcompany&CIK=AVY
BHGE,27.5,305.56,2.4991322,-0.31,57.73,28.03,32995712852,285000000,1.9390045,2.25,http://www.sec.gov/cgi-bin/browse-edgar?action=getcompany&CIK=BHGE
BLL,38.44,20.56,1.0170354,0.85,43.24,35.6,13767688518,1317000000,1.5696399,3.62,http://www.sec.gov/cgi-bin/browse-edgar?action=getcompany&CIK=BLL
BAC,29.74,16.34,1.536,1.55,32.67,22.07,3.21478E+11,0,3.2011874,1.24,http://www.sec.gov/cgi-bin/browse-edgar?action=getcompany&CIK=BAC
BAX,62.56,25.12,0.97635394,1.29,72.58,48.15,35713732553,1832000000,3.4394414,3.77,http://www.sec.gov/cgi-bin/browse-edgar?action=getcompany&CIK=BAX
BBT,51.07,16.26,2.4526198,2.74,55.99,41.17,42087562920,0,3.4552107,1.55,http://www.sec.gov/cgi-bin/browse-edgar?action=getcompany&CIK=BBT
BDX,211.44,22.28,1.3518385,4.65,248.3888,175.66,50910180308,1537000000,5.6912947,3.98,http://www.sec.gov/cgi-bin/browse-edgar?action=getcompany&CIK=BDX
BRK.B,191.42,30.43,0,9.76,217.62,160.93,2.61401E+11,0,1.4328232,1.58,http://www.sec.gov/cgi-bin/browse-edgar?action=getcompany&CIK=BRK.B
BBY,68.79,19.22,1.9085041,3.81,78.59,41.67,20831186176,2555000000,0.76715523,4.79,http://www.sec.gov/cgi-bin/browse-edgar?action=getcompany&CIK=BBY
BIIB,311.79,14.3,0,11.94,370.57,244.28,69157726427,6511400000,5.737439,5.51,http://www.sec.gov/cgi-bin/browse-edgar?action=getcompany&CIK=BIIB
BLK,509.38,22.49,2.1643558,30.3,594.52,368,85907759858,5684000000,6.9158196,2.95,http://www.sec.gov/cgi-bin/browse-edgar?action=getcompany&CIK=BLK
HRB,25.19,12.29,3.7296038,1.92,31.8,19.85,5381433872,894754000,2.0188456,205.41,http://www.sec.gov/cgi-bin/browse-edgar?action=getcompany&CIK=HRB
BA,329.66,27.29,1.9648397,13.47,361.45,163.69,2.05617E+11,12476000000,2.1560605,182.86,http://www.sec.gov/cgi-bin/browse-edgar?action=getcompany&CIK=BA
BWA,51.94,14.15,1.2363636,0.55,58.22,37.54,11596117445,867900000,1.5831376,2.89,http://www.sec.gov/cgi-bin/browse-edgar?action=getcompany&CIK=BWA
BXP,112.09,18.05,2.7744062,2.93,140.13,111.87,17799878487,1546846000,6.839459,3.15,http://www.sec.gov/cgi-bin/browse-edgar?action=getcompany&CIK=BXP
BSX,25.2,20,0,0.07,29.93,23.29,36142506007,1726000000,4.055685,4.78,http://www.sec.gov/cgi-bin/browse-edgar?action=getcompany&CIK=BSX
BHF,55.44,22.63,0,-24.62,75,52.751,7066613254,0,1.4188358,0.51,http://www.sec.gov/cgi-bin/browse-edgar?action=getcompany&CIK=BHF
BMY,62.69,20.83,2.5546863,2.65,66.1,51.12,1.02507E+11,5170000000,6.503231,6.75,http://www.sec.gov/cgi-bin/browse-edgar?action=getcompany&CIK=BMY
AVGO,229.57,15.94,2.9488583,4.01,285.68,202.61,92791974933,7016000000,6.961893,4.4,http://www.sec.gov/cgi-bin/browse-edgar?action=getcompany&CIK=AVGO
BF.B,63.33,37.04,1.1216964,1.7,69.9028,45.415,5498033502,1139000000,1.8411398,12.36,http://www.sec.gov/cgi-bin/browse-edgar?action=getcompany&CIK=BF.B
CHRW,90.47,26,1.987685,3.57,100.18,63.41,12932483889,868096000,0.85282737,9.31,http://www.sec.gov/cgi-bin/browse-edgar?action=getcompany&CIK=CHRW
CA,32.66,14.32,3,1.85,36.56,30.45,14175422936,1613000000,3.3742425,2.44,http://www.sec.gov/cgi-bin/browse-edgar?action=getcompany&CIK=CA
COG,23.01,60.55,1.0269576,-0.92,29.57,21.4,10808821635,404951000,8.636729,4.21,http://www.sec.gov/cgi-bin/browse-edgar?action=getcompany&CIK=COG
CDNS,36.82,34.09,0,0.74,46,29.01,10890625200,455607000,5.751737,10.98,http://www.sec.gov/cgi-bin/browse-edgar?action=getcompany&CIK=CDNS
CPB,44.83,14.84,3.125,2.89,64.23,43.5,13467193376,1683000000,2.3898203,7.91,http://www.sec.gov/cgi-bin/browse-edgar?action=getcompany&CIK=CPB
COF,91.8,11.85,1.6306564,3.45,106.5,76.05,47637260000,0,1.5931405,0.94,http://www.sec.gov/cgi-bin/browse-edgar?action=getcompany&CIK=COF
CAH,66.63,12.29,2.8394227,4.04,84.88,54.66,20493281175,1913000000,0.21131156,3.03,http://www.sec.gov/cgi-bin/browse-edgar?action=getcompany&CIK=CAH
KMX,64.34,19.44,0,3.97,77.64,54.29,11827453706,1339628000,0.6913859,3.55,http://www.sec.gov/cgi-bin/browse-edgar?action=getcompany&CIK=KMX
CCL,66.76,17.48,2.6041667,3.58,72.7,54.75,49180044050,4711000000,2.8147783,2,http://www.sec.gov/cgi-bin/browse-edgar?action=getcompany&CIK=CCL
CAT,145.99,21.22,2.0215108,1.26,173.24,90.34,91822049046,8136000000,2.0468428,5.75,http://www.sec.gov/cgi-bin/browse-edgar?action=getcompany&CIK=CAT
CBOE,111.15,35.06,0.9426963,2.27,138.54,76.75,12998295607,488406000,8.249042,5.15,http://www.sec.gov/cgi-bin/browse-edgar?action=getcompany&CIK=CBOE
CBG,41.92,15.82,0,1.69,46.6,30.43,14440591731,1652961000,1.4622321,3.74,http://www.sec.gov/cgi-bin/browse-edgar?action=getcompany&CIK=CBG
CBS,51.8,12.05,1.3473054,2.81,70.095,52.75,20431395736,2841000000,2.1055017,6.91,http://www.sec.gov/cgi-bin/browse-edgar?action=getcompany&CIK=CBS
CELG,91.02,13.27,0,3.58,147.17,92.85,74921079154,5233000000,5.830071,7.49,http://www.sec.gov/cgi-bin/browse-edgar?action=getcompany&CIK=CELG
CNC,100.36,19.12,0,3.23,112.42,65.03,18012494506,2063000000,0.5028663,2.58,http://www.sec.gov/cgi-bin/browse-edgar?action=getcompany&CIK=CNC
CNP,25.85,19.73,4.2109256,1,30.45,25.51,11362043297,2337000000,1.6262617,3.21,http://www.sec.gov/cgi-bin/browse-edgar?action=getcompany&CIK=CNP
CTL,16.2,8.35,12.661196,1.16,27.61,13.161,18237196861,5577000000,1.4795984,1.39,http://www.sec.gov/cgi-bin/browse-edgar?action=getcompany&CIK=CTL
CERN,61.22,27.09,0,1.84,73.86,51.2617,21101697598,1523440000,5.5560412,4.62,http://www.sec.gov/cgi-bin/browse-edgar?action=getcompany&CIK=CERN
CF,37.46,-59.46,3.0395136,-1.2,43.98,25.04,9209106695,711000000,3.0044448,2.81,http://www.sec.gov/cgi-bin/browse-edgar?action=getcompany&CIK=CF
SCHW,48.9,29.82,0.76878726,1.61,56.25,37.16,69750188843,0,7.949615,4.51,http://www.sec.gov/cgi-bin/browse-edgar?action=getcompany&CIK=SCHW
CHTR,348.65,162.92,0,34.08,408.83,308.3,86708878113,14694000000,2.1208634,2.27,http://www.sec.gov/cgi-bin/browse-edgar?action=getcompany&CIK=CHTR
CHK,2.82,4.7,0,-6.44,6.59,2.8,2626102121,1470000000,0.40765184,1.84,http://www.sec.gov/cgi-bin/browse-edgar?action=getcompany&CIK=CHK
CVX,112.3,27.52,3.885853,4.85,133.88,102.55,2.18979E+11,28877000000,1.6489863,1.71,http://www.sec.gov/cgi-bin/browse-edgar?action=getcompany&CIK=CVX
CMG,266.01,45.86,0,0.8,499,263,7685283970,401293000,2.5523853,6.11,http://www.sec.gov/cgi-bin/browse-edgar?action=getcompany&CIK=CMG
CB,140.39,17.5,1.9251627,8.2,157.5,130.17,68424670566,0,2.0985637,1.35,http://www.sec.gov/cgi-bin/browse-edgar?action=getcompany&CIK=CB
CHD,47.38,24.42,1.8366054,2.92,54.1799,43.21,11838963451,868000000,3.1682448,6.28,http://www.sec.gov/cgi-bin/browse-edgar?action=getcompany&CIK=CHD
CI,189.27,18.11,0.020466639,7.2,227.13,141.93,47680910480,0,1.550762,3.39,http://www.sec.gov/cgi-bin/browse-edgar?action=getcompany&CIK=CI
XEC,100.19,26.37,0.30214334,-4.64,136.31,89.49,10089082025,1061056000,7.556446,4.28,http://www.sec.gov/cgi-bin/browse-edgar?action=getcompany&CIK=XEC
CINF,70.34,27.48,2.918904,3.55,81.98,68.24,11916533018,0,2.756679,1.6,http://www.sec.gov/cgi-bin/browse-edgar?action=getcompany&CIK=CINF
CTAS,149.32,32.75,1.0344827,4.38,169.96,113.79,16676145923,1097295000,2.7614057,6.53,http://www.sec.gov/cgi-bin/browse-edgar?action=getcompany&CIK=CTAS
CSCO,38.77,17.87,2.8755577,1.91,42.98,30.36,1.99426E+11,15447000000,5.484418,3.07,http://www.sec.gov/cgi-bin/browse-edgar?action=getcompany&CIK=CSCO
C,71.87,13.48,1.7068943,-3.1,80.7,56.14,1.92709E+11,0,2.1857586,0.9,http://www.sec.gov/cgi-bin/browse-edgar?action=getcompany&CIK=C
CFG,42.19,16.04,1.9625335,3.27,48.23,31.51,22008050974,0,3.3917346,1.08,http://www.sec.gov/cgi-bin/browse-edgar?action=getcompany&CIK=CFG
CTXS,84.53,20.37,0,-0.24,95,73.3346,13199167493,810268000,4.7538714,6.73,http://www.sec.gov/cgi-bin/browse-edgar?action=getcompany&CIK=CTXS
CME,153.04,32.15,3.6828613,11.94,163,114.8176,54423298745,2851800000,14.881806,2.51,http://www.sec.gov/cgi-bin/browse-edgar?action=getcompany&CIK=CME
CMS,41.77,21.42,3.3918407,1.99,50.85,41.07,11873960824,2099000000,2.4711676,2.65,http://www.sec.gov/cgi-bin/browse-edgar?action=getcompany&CIK=CMS
KO,43.1,22.8,3.3213644,1.49,48.615,40.22,1.89855E+11,8589000000,6.822138,8.65,http://www.sec.gov/cgi-bin/browse-edgar?action=getcompany&CIK=KO
CTSH,75.16,22.44,1.0454783,2.54,79.28,54.76,45119684067,2946000000,3.9678397,3.94,http://www.sec.gov/cgi-bin/browse-edgar?action=getcompany&CIK=CTSH
CL,68.95,24.02,2.2801766,2.28,77.91,66.26,61616643498,4064000000,4.000737,236.42,http://www.sec.gov/cgi-bin/browse-edgar?action=getcompany&CIK=CL
CMCSA,38.19,18.54,1.8929017,4.74,44,34.78,1.86477E+11,28675000000,2.1797748,2.65,http://www.sec.gov/cgi-bin/browse-edgar?action=getcompany&CIK=CMCSA
CMA,89.18,18.89,1.2823253,4.13,98.18,64.04,16274969256,0,4.905472,1.96,http://www.sec.gov/cgi-bin/browse-edgar?action=getcompany&CIK=CMA
CAG,35.49,18.2,2.3683476,1.46,41.68,32.16,14379717835,1281200000,1.8294994,3.86,http://www.sec.gov/cgi-bin/browse-edgar?action=getcompany&CIK=CAG
CXO,140.09,84.39,0,-11.04,162.91,106.73,22021882339,2151190000,12.271951,2.61,http://www.sec.gov/cgi-bin/browse-edgar?action=getcompany&CIK=CXO
COP,53.24,72.93,2.049254,-0.65,61.315,42.265,65482462410,5328000000,2.0764177,2.16,http://www.sec.gov/cgi-bin/browse-edgar?action=getcompany&CIK=COP
ED,74.73,18.64,3.8001595,4.1,89.7,72.63,23335777662,4288000000,2.960244,1.58,http://www.sec.gov/cgi-bin/browse-edgar?action=getcompany&CIK=ED
STZ,208.73,30.92,0.9712818,8.71,229.5,152.01,41697453163,3033300000,5.145596,5.14,http://www.sec.gov/cgi-bin/browse-edgar?action=getcompany&CIK=STZ
GLW,28.45,16.45,2.0791416,-0.78,35.1,26.31,25759280346,2970000000,2.544682,1.71,http://www.sec.gov/cgi-bin/browse-edgar?action=getcompany&CIK=GLW
COST,178.61,30.69,1.0917627,6.09,199.88,150,80439804508,5679000000,0.61203885,7.24,http://www.sec.gov/cgi-bin/browse-edgar?action=getcompany&CIK=COST
COTY,19.96,24.64,2.860412,-0.63,21.175,14.24,13101112504,211400000,2.0061796,1.37,http://www.sec.gov/cgi-bin/browse-edgar?action=getcompany&CIK=COTY
CCI,103.81,21.45,3.862069,1.02,114.97,86.93,44183023189,2292600000,10.125291,3.54,http://www.sec.gov/cgi-bin/browse-edgar?action=getcompany&CIK=CCI
CSRA,30.85,15.12,1.275917,1.83,33.79,27.38,5134501276,543000000,1.3324839,11.37,http://www.sec.gov/cgi-bin/browse-edgar?action=getcompany&CIK=CSRA
CSX,50.47,21.94,1.5102888,6.07,60.04,45.41,47340511707,5003000000,4.216355,4.27,http://www.sec.gov/cgi-bin/browse-edgar?action=getcompany&CIK=CSX
CMI,165.73,16.83,2.5008683,8.23,194.18,143.8301,28669230787,2924000000,1.9406168,3.89,http://www.sec.gov/cgi-bin/browse-edgar?action=getcompany&CIK=CMI
CVS,70.55,12.36,2.6899798,4.91,84,66.45,75323141722,11704000000,0.549852,2.13,http://www.sec.gov/cgi-bin/browse-edgar?action=getcompany&CIK=CVS
DHI,44.55,16.32,1.0801469,2.73,53.32,29.3716,17390873686,1691000000,1.1931022,2.17,http://www.sec.gov/cgi-bin/browse-edgar?action=getcompany&CIK=DHI
DHR,92.16,22.87,0.5879265,3.53,104.82,78.97,66351150000,4339800000,3.688278,2.65,http://www.sec.gov/cgi-bin/browse-edgar?action=getcompany&CIK=DHR
DRI,91.33,22.72,2.6503997,3.81,100.11,71.7,11745595320,997600000,1.5278828,5.89,http://www.sec.gov/cgi-bin/browse-edgar?action=getcompany&CIK=DRI
DVA,71.91,20.55,0,4.3,80.71,52.51,13685178000,2252294000,1.1451397,2.79,http://www.sec.gov/cgi-bin/browse-edgar?action=getcompany&CIK=DVA
DE,153.66,23.14,1.4866204,6.64,171.96,106.72,52186628646,4053300000,2.3746448,5.31,http://www.sec.gov/cgi-bin/browse-edgar?action=getcompany&CIK=DE
DAL,51.23,10.37,2.2655525,4.94,60.79,43.81,38393603535,8348000000,0.91792434,2.67,http://www.sec.gov/cgi-bin/browse-edgar?action=getcompany&CIK=DAL
XRAY,56.85,22.65,0.60034305,1.99,68.98,52.535,13390513478,-411100000,4.626262,1.8,http://www.sec.gov/cgi-bin/browse-edgar?action=getcompany&CIK=XRAY
DVN,34.94,23.93,0.6528836,-6.89,47.25,28.7947,19317380000,3723000000,2.0660408,2.85,http://www.sec.gov/cgi-bin/browse-edgar?action=getcompany&CIK=DVN
DLR,98.96,16.55,3.5710857,2.19,127.23,101.101,21400952517,1260662000,12.434961,2.32,http://www.sec.gov/cgi-bin/browse-edgar?action=getcompany&CIK=DLR
DFS,72.4,12.13,1.8269607,5.41,81.93,57.5,27433540000,0,2.3610325,2.52,http://www.sec.gov/cgi-bin/browse-edgar?action=getcompany&CIK=DFS
DISCA,22.87,11,0,1.96,30.25,15.99,8763756733,2100000000,1.804088,1.5,http://www.sec.gov/cgi-bin/browse-edgar?action=getcompany&CIK=DISCA
DISCK,21.58,10.37,0,1.96,29.18,14.99,8320262123,2100000000,1.7147918,1.43,http://www.sec.gov/cgi-bin/browse-edgar?action=getcompany&CIK=DISCK
DISH,43.77,16.09,0,3.06,66.5,42.48,21032719056,2754331000,1.8521843,3.76,http://www.sec.gov/cgi-bin/browse-edgar?action=getcompany&CIK=DISH
DG,95.1,21.18,1.0625255,4.43,105.82,65.97,26580644874,2457604000,1.5283886,4.53,http://www.sec.gov/cgi-bin/browse-edgar?action=getcompany&CIK=DG
DLTR,101.58,26.66,0,3.77,116.65,65.63,25151198417,2430300000,1.6097589,4.08,http://www.sec.gov/cgi-bin/browse-edgar?action=getcompany&CIK=DLTR
D,73.31,20.42,4.5281997,4.91,85.3,71.59,47543571860,6428000000,3.7954214,2.96,http://www.sec.gov/cgi-bin/browse-edgar?action=getcompany&CIK=D
DOV,96.2,23.87,1.8815053,5.15,109.06,75.51,15566645713,1513291000,1.986176,3.59,http://www.sec.gov/cgi-bin/browse-edgar?action=getcompany&CIK=DOV
DWDP,68.21,49.43,2.1529746,1.59,77.08,64.01,1.65203E+11,5250000000,2.6922395,1.54,http://www.sec.gov/cgi-bin/browse-edgar?action=getcompany&CIK=DWDP
DPS,116.93,26.57,1.9661016,4.54,126.65,83.23,21209783858,1507000000,4.2149186,9.99,http://www.sec.gov/cgi-bin/browse-edgar?action=getcompany&CIK=DPS
DTE,98.49,19.12,3.5559585,4.82,116.74,96.56,17808073691,2790000000,1.9091922,1.95,http://www.sec.gov/cgi-bin/browse-edgar?action=getcompany&CIK=DTE
DUK,74.32,16.7,4.7849464,3.12,91.8,72.93,52078185682,9895000000,2.9348857,1.27,http://www.sec.gov/cgi-bin/browse-edgar?action=getcompany&CIK=DUK
DRE,24.52,19.77,3.1533308,0.88,30.14,24.73,9035293365,529483000,16.077257,1.94,http://www.sec.gov/cgi-bin/browse-edgar?action=getcompany&CIK=DRE
DXC,91.92,79.93,0.7493755,-0.89,102.95,67.76,27408621020,1628000000,1.9598055,2.26,http://www.sec.gov/cgi-bin/browse-edgar?action=getcompany&CIK=DXC
ETFC,48.48,22.14,0,2.15,56,32.25,13754977266,0,5.689136,2.15,http://www.sec.gov/cgi-bin/browse-edgar?action=getcompany&CIK=ETFC
EMN,93.57,12.28,2.2630835,10.12,104.08,76.02,14226830813,2152000000,1.4904785,2.78,http://www.sec.gov/cgi-bin/browse-edgar?action=getcompany&CIK=EMN
ETN,79.41,17.08,2.9404557,6.68,89.85,69.45,35961772000,4253000000,1.8161736,2.17,http://www.sec.gov/cgi-bin/browse-edgar?action=getcompany&CIK=ETN
EBAY,41.02,24.86,0,-1.07,46.99,31.89,44216696399,2941000000,4.6720185,3.8,http://www.sec.gov/cgi-bin/browse-edgar?action=getcompany&CIK=EBAY
ECL,127.76,28.08,1.2319711,4.14,140.5,119.61,38460272282,2848600000,3.7360687,5.28,http://www.sec.gov/cgi-bin/browse-edgar?action=getcompany&CIK=ECL
EIX,58.07,13.23,4.0542803,3.96,83.38,58.76,19447670886,4284000000,2.161095,1.59,http://www.sec.gov/cgi-bin/browse-edgar?action=getcompany&CIK=EIX
EW,123.78,32.57,0,2.88,138.48,89.2,27447099863,1156700000,7.8283277,8.48,http://www.sec.gov/cgi-bin/browse-edgar?action=getcompany&CIK=EW
EA,116.54,34.48,0,3.07,131.01,81.27,37890226992,1560000000,7.4415817,8.54,http://www.sec.gov/cgi-bin/browse-edgar?action=getcompany&CIK=EA
EMR,66.4,25.74,2.813225,2.35,74.45,56.77,44040298425,2542000000,3.6707752,5.01,http://www.sec.gov/cgi-bin/browse-edgar?action=getcompany&CIK=EMR
ETR,72.02,10.65,4.892126,-3.26,87.95,69.63,13116894887,880700000,1.5543115,1.54,http://www.sec.gov/cgi-bin/browse-edgar?action=getcompany&CIK=ETR
EVHC,35.34,10.91,0,-0.48,73,23.77,4212729247,827200000,1.227099,0.64,http://www.sec.gov/cgi-bin/browse-edgar?action=getcompany&CIK=EVHC
EOG,101.04,246.44,0.63339007,-1.98,119,81.99,61164030149,3692749000,8.02302,4.55,http://www.sec.gov/cgi-bin/browse-edgar?action=getcompany&CIK=EOG
EQT,46.25,53.16,0.2518363,-2.69,67.84,47.13,12638828950,1518305000,6.4987307,2.15,http://www.sec.gov/cgi-bin/browse-edgar?action=getcompany&CIK=EQT
EFX,114,19.03,1.3265306,4.04,147.02,90.72,14121334618,1141200000,5.6338058,4.59,http://www.sec.gov/cgi-bin/browse-edgar?action=getcompany&CIK=EFX
EQIX,409.98,23.06,1.8775817,1.77,495.345,361.9,33333813618,1687152000,10.639136,5.14,http://www.sec.gov/cgi-bin/browse-edgar?action=getcompany&CIK=EQIX
EQR,55.26,17.6,3.5437918,1.63,70.455,56.07,20925508143,1710686000,8.593619,2.09,http://www.sec.gov/cgi-bin/browse-edgar?action=getcompany&CIK=EQR
ESS,218.28,18.66,3.2138102,6.27,270.04,214.03,14383525286,1237886000,14.1830845,2.3,http://www.sec.gov/cgi-bin/browse-edgar?action=getcompany&CIK=ESS
EL,131.46,37.78,1.1283498,3.35,138.74,81.69,49543264457,2478000000,3.9522583,10.82,http://www.sec.gov/cgi-bin/browse-edgar?action=getcompany&CIK=EL
RE,241.06,27.24,2.1078234,23.71,277.17,208.81,10131892523,0,2.0991988,1.16,http://www.sec.gov/cgi-bin/browse-edgar?action=getcompany&CIK=RE
ES,56.11,18.22,3.3397784,2.96,66.15,55.2,18027633617,2738713000,3.1134193,1.68,http://www.sec.gov/cgi-bin/browse-edgar?action=getcompany&CIK=ES
EXC,35.98,14.51,3.8174274,1.23,42.67,33.3,34734816899,8548000000,1.3933871,1.26,http://www.sec.gov/cgi-bin/browse-edgar?action=getcompany&CIK=EXC
EXPE,123.03,30.99,0.92785895,1.81,161,115.55,19722178609,1481458000,2.5074897,4.14,http://www.sec.gov/cgi-bin/browse-edgar?action=getcompany&CIK=EXPE
EXPD,60.36,25.26,1.3520038,2.36,67.54,51.96,11040678071,721643000,2.190319,5.55,http://www.sec.gov/cgi-bin/browse-edgar?action=getcompany&CIK=EXPD
ESRX,73.35,10.72,0,5.39,83.485,55.8,42449656350,7309300000,0.57588416,2.65,http://www.sec.gov/cgi-bin/browse-edgar?action=getcompany&CIK=ESRX
EXR,77.56,18.12,3.879632,2.92,88.56,71.34,10133547517,717468000,12.204818,4.54,http://www.sec.gov/cgi-bin/browse-edgar?action=getcompany&CIK=EXR
XOM,76.07,21.37,4.0031195,1.88,89.3,76.05,3.26149E+11,39052000000,1.7701944,1.85,http://www.sec.gov/cgi-bin/browse-edgar?action=getcompany&CIK=XOM
FFIV,137.25,21.21,0,6.51,149.5,114.63,8744185796,629940000,4.1203604,6.86,http://www.sec.gov/cgi-bin/browse-edgar?action=getcompany&CIK=FFIV
FB,171.58,27.9,0,5.39,195.32,132.44,5.23423E+11,23624000000,13.241967,7.08,http://www.sec.gov/cgi-bin/browse-edgar?action=getcompany&CIK=FB
FAST,52.15,27.02,2.7798648,2.01,57.815,39.79,15311373377,1009600000,3.472977,7.39,http://www.sec.gov/cgi-bin/browse-edgar?action=getcompany&CIK=FAST
FRT,108.11,18.35,3.5925992,3.5,143.79,109.74,8077368506,540767000,12.898601,3.98,http://www.sec.gov/cgi-bin/browse-edgar?action=getcompany&CIK=FRT
FDX,239.27,19.45,0.7963368,11.07,274.66,182.89,67280478816,8062000000,1.0751684,3.9,http://www.sec.gov/cgi-bin/browse-edgar?action=getcompany&CIK=FDX
FIS,92.74,22.08,1.322724,1.72,103.65,77.63,32308459680,2782000000,4.7038417,3.25,http://www.sec.gov/cgi-bin/browse-edgar?action=getcompany&CIK=FIS
FITB,31.1,16.9,1.9789734,2.85,33.91,23.2,22437653700,0,2.8802848,1.46,http://www.sec.gov/cgi-bin/browse-edgar?action=getcompany&CIK=FITB
FE,30.64,11.18,4.673807,-14.49,35.22,27.93,13706075072,-5067000000,1.2994481,2.19,http://www.sec.gov/cgi-bin/browse-edgar?action=getcompany&CIK=FE
FISV,133.05,27.32,0,4.14,144.2,106.2,26918949723,1911000000,6.518713,11.54,http://www.sec.gov/cgi-bin/browse-edgar?action=getcompany&CIK=FISV
FLIR,46.46,25.53,1.2396694,1.21,52.88,33.75,6706992926,375267000,5.137961,3.52,http://www.sec.gov/cgi-bin/browse-edgar?action=getcompany&CIK=FLIR
FLS,40.82,26.17,1.8291216,1.12,51.92,37.51,5427884956,463066000,2.0803037,3.15,http://www.sec.gov/cgi-bin/browse-edgar?action=getcompany&CIK=FLS
FLR,55.31,19.9,1.4726508,1.99,62.09,37.0351,7978485059,709756000,0.5516402,2.4,http://www.sec.gov/cgi-bin/browse-edgar?action=getcompany&CIK=FLR
FMC,80.87,32.48,0.785995,1.56,98.7,56.53,11273961835,557800000,6.0089035,5.26,http://www.sec.gov/cgi-bin/browse-edgar?action=getcompany&CIK=FMC
FL,45.88,9.5,2.5827951,4.91,77.86,28.42,5819080328,957000000,1.0362948,,http://www.sec.gov/cgi-bin/browse-edgar?action=getcompany&CIK=FL
F,10.43,5.89,6.7843866,1.9,13.48,10.19,42414328338,9281000000,0.27054095,1.26,http://www.sec.gov/cgi-bin/browse-edgar?action=getcompany&CIK=F
FTV,69.14,25.05,0.39057052,2.46,76.68,54.8844,24916503061,1508300000,5.1682673,7.17,http://www.sec.gov/cgi-bin/browse-edgar?action=getcompany&CIK=FTV
FBHS,62.44,20.27,1.2618296,3.04,73.62,55.25,9624169008,814500000,1.8434572,3.76,http://www.sec.gov/cgi-bin/browse-edgar?action=getcompany&CIK=FBHS
BEN,38,12.67,2.332657,3,47.65,37.01,21759187973,2711300000,3.399101,1.83,http://www.sec.gov/cgi-bin/browse-edgar?action=getcompany&CIK=BEN
FCX,17.16,14.67,1.1198208,1.24,20.25,11.05,25853969330,5347000000,1.6538345,3.66,http://www.sec.gov/cgi-bin/browse-edgar?action=getcompany&CIK=FCX
GPS,31.17,15.35,2.8203557,1.69,35.68,21.02,12684517721,1959000000,1.1289738,3.93,http://www.sec.gov/cgi-bin/browse-edgar?action=getcompany&CIK=GPS
GRMN,61.13,21.23,3.2339885,2.69,64.96,48.5,11840331607,736798000,5.319881,3.14,http://www.sec.gov/cgi-bin/browse-edgar?action=getcompany&CIK=GRMN
IT,114.26,36.86,0,2.31,142.16,97.96,10828314389,234935000,4.894499,13.47,http://www.sec.gov/cgi-bin/browse-edgar?action=getcompany&CIK=IT
GD,206.05,20.71,1.5631542,9.55,229.54,181.94,64180390701,4618000000,2.0481362,5.45,http://www.sec.gov/cgi-bin/browse-edgar?action=getcompany&CIK=GD
GE,14.45,13.76,3.147541,-0.72,30.59,14.71,1.32249E+11,-206000000,1.0887611,1.7,http://www.sec.gov/cgi-bin/browse-edgar?action=getcompany&CIK=GE
GGP,21.62,13.86,4.005462,1.34,25.72,18.83,21018887283,1740540000,17.003777,2.57,http://www.sec.gov/cgi-bin/browse-edgar?action=getcompany&CIK=GGP
GIS,53.99,17.53,3.5864594,2.77,63.73,49.65,31098243069,3107600000,2.0389178,7.26,http://www.sec.gov/cgi-bin/browse-edgar?action=getcompany&CIK=GIS
GM,40.75,6.58,3.5857513,6,46.76,31.92,61536606173,23541000000,0.5633218,1.33,http://www.sec.gov/cgi-bin/browse-edgar?action=getcompany&CIK=GM
GPC,96.31,21.17,2.7198548,4.6,107.75,79.86,14554321748,1201517000,1.212236,4.33,http://www.sec.gov/cgi-bin/browse-edgar?action=getcompany&CIK=GPC
GILD,78.22,8.16,2.754954,9.95,89.54,63.759,1.08107E+11,17590000000,5.2087464,4.12,http://www.sec.gov/cgi-bin/browse-edgar?action=getcompany&CIK=GILD
GPN,100.59,27.86,0.037622273,1.58,113.26,76.47,16920023264,960345000,5.775833,4.73,http://www.sec.gov/cgi-bin/browse-edgar?action=getcompany&CIK=GPN
GS,246.35,12.44,1.1668612,8.61,273.79,209.62,96978500251,0,2.309415,1.25,http://www.sec.gov/cgi-bin/browse-edgar?action=getcompany&CIK=GS
GT,30.75,9.92,1.6731402,4.74,37.2,28.81,8244568238,2044000000,0.72725976,1.65,http://www.sec.gov/cgi-bin/browse-edgar?action=getcompany&CIK=GT
GWW,258.6,22.57,1.9700643,10.02,298.145,155,14639308205,1279846000,1.3995146,8.1,http://www.sec.gov/cgi-bin/browse-edgar?action=getcompany&CIK=GWW
HAL,47.41,38.86,1.4489837,-0.53,57.86,38.181,43356557470,2910000000,2.1424224,4.74,http://www.sec.gov/cgi-bin/browse-edgar?action=getcompany&CIK=HAL
HBI,19.57,10.04,2.7322404,1.41,25.73,18.9,8006268615,926153000,1.6339768,6.17,http://www.sec.gov/cgi-bin/browse-edgar?action=getcompany&CIK=HBI
HOG,47.54,13.7,3.0218647,2.98,63.4,44.52,8158949890,1058817000,1.66195,4.31,http://www.sec.gov/cgi-bin/browse-edgar?action=getcompany&CIK=HOG
HRS,149.84,26.38,1.4922442,4.43,160.67,104.16,18140726600,1368000000,2.9516637,5.88,http://www.sec.gov/cgi-bin/browse-edgar?action=getcompany&CIK=HRS
HIG,53.34,14.34,1.7901897,2.27,59.2,46.35,19926305632,0,1.3939538,1.15,http://www.sec.gov/cgi-bin/browse-edgar?action=getcompany&CIK=HIG
HAS,96.48,20.57,2.2304833,4.34,116.2,87.92,12732072001,1028425000,3.2375681,5.82,http://www.sec.gov/cgi-bin/browse-edgar?action=getcompany&CIK=HAS
HCA,95.97,14.07,1.4227642,5.94,106.84,71.18,34449052800,8202000000,0.7251921,,http://www.sec.gov/cgi-bin/browse-edgar?action=getcompany&CIK=HCA
HCP,22.64,10.99,6.330197,1.33,33.67,22.8,10967755538,1412684000,8.127109,1.97,http://www.sec.gov/cgi-bin/browse-edgar?action=getcompany&CIK=HCP
HP,64.87,-54.51,4.1499925,-1.2,75.02,42.16,7345243806,483673000,3.7385862,1.62,http://www.sec.gov/cgi-bin/browse-edgar?action=getcompany&CIK=HP
HSIC,70.85,19.85,0,3.1,93.495,65.28,11452961984,1033985000,1.262194,3.74,http://www.sec.gov/cgi-bin/browse-edgar?action=getcompany&CIK=HSIC
HES,43,-9.33,2.2670596,-19.94,55.48,37.25,14016129999,-819000000,3.780475,1.08,http://www.sec.gov/cgi-bin/browse-edgar?action=getcompany&CIK=HES
HPE,15.04,11.57,1.9280206,0.21,24.88,12.815,24800859640,3683000000,1.4609766,1.06,http://www.sec.gov/cgi-bin/browse-edgar?action=getcompany&CIK=HPE
HLT,78.66,36.42,0.7315289,1.05,88.11,55.79,26242415796,2815000000,3.7628453,17.67,http://www.sec.gov/cgi-bin/browse-edgar?action=getcompany&CIK=HLT
HOLX,38.8,19.21,0,2.64,46.8,35.76,11181493750,1561000000,4.80335,4,http://www.sec.gov/cgi-bin/browse-edgar?action=getcompany&CIK=HOLX
HD,181.22,28.1,1.8610487,6.46,207.605,136.82,2.23379E+11,16513000000,2.8964398,84.08,http://www.sec.gov/cgi-bin/browse-edgar?action=getcompany&CIK=HD
HON,146.02,20.68,1.9710299,2.08,165.13,119.31,1.14422E+11,8333000000,2.8267899,5.71,http://www.sec.gov/cgi-bin/browse-edgar?action=getcompany&CIK=HON
HRL,32.21,20.39,2.2907758,1.57,38,29.75,17338613096,1422305000,2.5174792,3.49,http://www.sec.gov/cgi-bin/browse-edgar?action=getcompany&CIK=HRL
HST,18.75,11.23,4.1131105,1.02,21.53,17.26,14394715334,1547000000,3.5549128,2.02,http://www.sec.gov/cgi-bin/browse-edgar?action=getcompany&CIK=HST
HPQ,19.92,12.07,2.6270628,1.49,24.1,15.39,34895294088,3700000000,0.8954903,0.66,http://www.sec.gov/cgi-bin/browse-edgar?action=getcompany&CIK=HPQ
HUM,262.37,22.39,0.6040015,4.06,293.35,189.01,36973617235,0,0.9256895,3.33,http://www.sec.gov/cgi-bin/browse-edgar?action=getcompany&CIK=HUM
HBAN,15.1,15.41,2.8132992,1,16.53,12.14,16766497291,0,3.5112102,1.72,http://www.sec.gov/cgi-bin/browse-edgar?action=getcompany&CIK=HBAN
HII,225.37,18.75,1.2264713,12.15,253.44,183.42,10628247899,1107000000,1.8924941,6.04,http://www.sec.gov/cgi-bin/browse-edgar?action=getcompany&CIK=HII
IDXX,169.28,53.57,0,2.94,198.73,140.63,15422885020,478307000,7.97525,196.21,http://www.sec.gov/cgi-bin/browse-edgar?action=getcompany&CIK=IDXX
INFO,43.73,26.19,0,1,49.19,37.82,17969275816,1018900000,5.0604,2.24,http://www.sec.gov/cgi-bin/browse-edgar?action=getcompany&CIK=INFO
ITW,156.15,23.62,1.9089574,4.86,179.07,126.52,55994378108,3924000000,3.9286149,10.99,http://www.sec.gov/cgi-bin/browse-edgar?action=getcompany&CIK=ITW
ILMN,209.54,52.25,0,4.92,248.97,158.0203,32295200000,1192000000,11.713953,10.89,http://www.sec.gov/cgi-bin/browse-edgar?action=getcompany&CIK=ILMN
INCY,83.92,-119.89,0,0.54,153.15,84.21,18220961259,-81686000,17.02699,10.25,http://www.sec.gov/cgi-bin/browse-edgar?action=getcompany&CIK=INCY
IR,87.6,19.38,1.9739007,5.07,97.67,77.26,22785450609,1987100000,1.6147361,3.34,http://www.sec.gov/cgi-bin/browse-edgar?action=getcompany&CIK=IR
INTC,42.75,12.32,2.6548672,1.98,50.85,33.23,2.11536E+11,26247000000,3.348876,3.34,http://www.sec.gov/cgi-bin/browse-edgar?action=getcompany&CIK=INTC